{
    "accuracy": 0.9236408063530849,
    "precision": 0.7389162561576355,
    "recall": 0.6756756756756757
}
